--
-- PostgreSQL database dump
--

-- Dumped from database version 15.1
-- Dumped by pg_dump version 15.1

SET statement_timeout = 0;
SET lock_timeout = 0;
SET idle_in_transaction_session_timeout = 0;
SET client_encoding = 'UTF8';
SET standard_conforming_strings = on;
SELECT pg_catalog.set_config('search_path', '', false);
SET check_function_bodies = false;
SET xmloption = content;
SET client_min_messages = warning;
SET row_security = off;

SET default_tablespace = '';

SET default_table_access_method = heap;

--
-- Name: booking; Type: TABLE; Schema: public; Owner: postgres
--

CREATE TABLE public.booking (
    id integer NOT NULL,
    beginterm date,
    endterm date,
    price integer,
    clientid integer
);


ALTER TABLE public.booking OWNER TO postgres;

--
-- Name: booking_id_seq; Type: SEQUENCE; Schema: public; Owner: postgres
--

ALTER TABLE public.booking ALTER COLUMN id ADD GENERATED BY DEFAULT AS IDENTITY (
    SEQUENCE NAME public.booking_id_seq
    START WITH 1
    INCREMENT BY 1
    NO MINVALUE
    NO MAXVALUE
    CACHE 1
);


--
-- Name: city; Type: TABLE; Schema: public; Owner: postgres
--

CREATE TABLE public.city (
    id integer NOT NULL,
    name text,
    countryid integer
);


ALTER TABLE public.city OWNER TO postgres;

--
-- Name: city_id_seq; Type: SEQUENCE; Schema: public; Owner: postgres
--

ALTER TABLE public.city ALTER COLUMN id ADD GENERATED BY DEFAULT AS IDENTITY (
    SEQUENCE NAME public.city_id_seq
    START WITH 1
    INCREMENT BY 1
    NO MINVALUE
    NO MAXVALUE
    CACHE 1
);


--
-- Name: client; Type: TABLE; Schema: public; Owner: postgres
--

CREATE TABLE public.client (
    id integer NOT NULL,
    userfullname text NOT NULL,
    login text NOT NULL,
    passwd text NOT NULL,
    birthday text NOT NULL,
    email text NOT NULL,
    ratingid integer,
    cityid integer NOT NULL,
    role text,
    status text
);


ALTER TABLE public.client OWNER TO postgres;

--
-- Name: client_id_seq; Type: SEQUENCE; Schema: public; Owner: postgres
--

ALTER TABLE public.client ALTER COLUMN id ADD GENERATED BY DEFAULT AS IDENTITY (
    SEQUENCE NAME public.client_id_seq
    START WITH 1
    INCREMENT BY 1
    NO MINVALUE
    NO MAXVALUE
    CACHE 1
);


--
-- Name: country; Type: TABLE; Schema: public; Owner: postgres
--

CREATE TABLE public.country (
    id integer NOT NULL,
    name text
);


ALTER TABLE public.country OWNER TO postgres;

--
-- Name: country_id_seq; Type: SEQUENCE; Schema: public; Owner: postgres
--

ALTER TABLE public.country ALTER COLUMN id ADD GENERATED BY DEFAULT AS IDENTITY (
    SEQUENCE NAME public.country_id_seq
    START WITH 1
    INCREMENT BY 1
    NO MINVALUE
    NO MAXVALUE
    CACHE 1
);


--
-- Name: rating; Type: TABLE; Schema: public; Owner: postgres
--

CREATE TABLE public.rating (
    id integer NOT NULL,
    value integer NOT NULL
);


ALTER TABLE public.rating OWNER TO postgres;

--
-- Name: rating_id_seq; Type: SEQUENCE; Schema: public; Owner: postgres
--

ALTER TABLE public.rating ALTER COLUMN id ADD GENERATED BY DEFAULT AS IDENTITY (
    SEQUENCE NAME public.rating_id_seq
    START WITH 1
    INCREMENT BY 1
    NO MINVALUE
    NO MAXVALUE
    CACHE 1
);


--
-- Name: rooms; Type: TABLE; Schema: public; Owner: postgres
--

CREATE TABLE public.rooms (
    id integer NOT NULL,
    rating integer,
    clientid integer NOT NULL,
    flagfree integer,
    cityid integer NOT NULL,
    bookingid integer
);


ALTER TABLE public.rooms OWNER TO postgres;

--
-- Name: rooms_id_seq; Type: SEQUENCE; Schema: public; Owner: postgres
--

ALTER TABLE public.rooms ALTER COLUMN id ADD GENERATED BY DEFAULT AS IDENTITY (
    SEQUENCE NAME public.rooms_id_seq
    START WITH 1
    INCREMENT BY 1
    NO MINVALUE
    NO MAXVALUE
    CACHE 1
);


--
-- Data for Name: booking; Type: TABLE DATA; Schema: public; Owner: postgres
--

COPY public.booking (id, beginterm, endterm, price, clientid) FROM stdin;
1	2022-02-10	2022-03-10	12000	1
2	2022-01-11	2022-04-11	24000	2
3	2022-06-01	2022-07-15	23000	3
4	2022-08-20	2022-09-20	12000	4
5	2023-01-10	2023-01-25	12000	5
20	2023-02-04	2023-02-24	23000	6
\.


--
-- Data for Name: city; Type: TABLE DATA; Schema: public; Owner: postgres
--

COPY public.city (id, name, countryid) FROM stdin;
1	Boston	1
2	Krakov	2
3	Oslo	3
4	Kiev	4
5	Drezden	5
6	Buda	6
7	Erusalem	7
8	Pest	6
\.


--
-- Data for Name: client; Type: TABLE DATA; Schema: public; Owner: postgres
--

COPY public.client (id, userfullname, login, passwd, birthday, email, ratingid, cityid, role, status) FROM stdin;
4	Sergio Franco	ser	$2a$12$Q25WXZ0EuGW8n9YCqnZBC.aSaQ49J444lRQEpNw5hfKfxVW02PjjK	04.07.1982	ser@ukrain.uk	4	4	USER	ACTIVE
12	Abram Cukerman	abram	$2a$12$MpHHR89KqYqbYw.h2E1BC.PO1xI.ry2buFfB5z2mtCQDyHvs9WFZy	05.12.1989	abr@erusalem.iz	4	8	USER	ACTIVE
5	Gans Shmulke	gans	$2a$10$RNhGdlha9G1TfiSrbnr5O.gLxuO7xTzTCBhq0l50qsBO/Fu1pTmWO	05.07.1984	gansign@front.gm	4	5	ADMIN	ACTIVE
3	Trumm Sanderson	troika	$2a$10$lCwRc5.8a8FnINcl7zinBu/XxBNrM1h92SkXqXaPMPk4cELtRilZa	03.06.1981	dedmoroz@holod.nor	4	3	USER	ACTIVE
2	Bjisko Mrazek	mra	$2a$12$hFhp.NKmWcipcmiOjC6MDelRAyyqoiHCRMzsI3N1fdPqWfpfgpA2e	01.07.1980	mrazek@kurnik.pol	4	2	USER	ACTIVE
1	Sara Connor	sara	$2a$12$05iXrzrVTmZfeapa9epCPO3rL8dB73NtwEEEEh184tuGX2FwEKU5y	02.08.1974	sara@gmail.com	4	1	SUPERADMIN	ACTIVE
6	Moise Blum	moi	$2a$10$AO8RIQRDedNKUshUTsj0y.mYJGuPwQCEjyBVdvj.t3XnVV0xF92Gi	04.07.1985	moi@izrael.com	3	6	USER	ACTIVE
20	Izia Bronstain	izia	$2a$12$H9UOZgwqMcc7IbJHPuBMw.oBUrMIeAOgsy4A0R.auWuDGO7K5Nj9m	09.11.1982	izi@erusalem	4	7	USER	ACTIVE
\.


--
-- Data for Name: country; Type: TABLE DATA; Schema: public; Owner: postgres
--

COPY public.country (id, name) FROM stdin;
1	USA
2	Poland
3	Norway
4	Ukraine
5	Germany
6	Hungary
7	Izrael
\.


--
-- Data for Name: rating; Type: TABLE DATA; Schema: public; Owner: postgres
--

COPY public.rating (id, value) FROM stdin;
1	1
2	2
3	3
4	4
5	5
\.


--
-- Data for Name: rooms; Type: TABLE DATA; Schema: public; Owner: postgres
--

COPY public.rooms (id, rating, clientid, flagfree, cityid, bookingid) FROM stdin;
1	3	1	0	1	1
2	3	2	0	2	2
4	4	4	0	4	3
3	4	3	0	3	20
5	3	5	1	5	\N
\.


--
-- Name: booking_id_seq; Type: SEQUENCE SET; Schema: public; Owner: postgres
--

SELECT pg_catalog.setval('public.booking_id_seq', 20, true);


--
-- Name: city_id_seq; Type: SEQUENCE SET; Schema: public; Owner: postgres
--

SELECT pg_catalog.setval('public.city_id_seq', 45, true);


--
-- Name: client_id_seq; Type: SEQUENCE SET; Schema: public; Owner: postgres
--

SELECT pg_catalog.setval('public.client_id_seq', 28, true);


--
-- Name: country_id_seq; Type: SEQUENCE SET; Schema: public; Owner: postgres
--

SELECT pg_catalog.setval('public.country_id_seq', 26, true);


--
-- Name: rating_id_seq; Type: SEQUENCE SET; Schema: public; Owner: postgres
--

SELECT pg_catalog.setval('public.rating_id_seq', 5, true);


--
-- Name: rooms_id_seq; Type: SEQUENCE SET; Schema: public; Owner: postgres
--

SELECT pg_catalog.setval('public.rooms_id_seq', 16, true);


--
-- Name: booking booking_pkey; Type: CONSTRAINT; Schema: public; Owner: postgres
--

ALTER TABLE ONLY public.booking
    ADD CONSTRAINT booking_pkey PRIMARY KEY (id);


--
-- Name: city city_pkey; Type: CONSTRAINT; Schema: public; Owner: postgres
--

ALTER TABLE ONLY public.city
    ADD CONSTRAINT city_pkey PRIMARY KEY (id);


--
-- Name: client client_pkey; Type: CONSTRAINT; Schema: public; Owner: postgres
--

ALTER TABLE ONLY public.client
    ADD CONSTRAINT client_pkey PRIMARY KEY (id);


--
-- Name: country country_pkey; Type: CONSTRAINT; Schema: public; Owner: postgres
--

ALTER TABLE ONLY public.country
    ADD CONSTRAINT country_pkey PRIMARY KEY (id);


--
-- Name: rating rating_pkey; Type: CONSTRAINT; Schema: public; Owner: postgres
--

ALTER TABLE ONLY public.rating
    ADD CONSTRAINT rating_pkey PRIMARY KEY (id);


--
-- Name: rooms rooms_pkey; Type: CONSTRAINT; Schema: public; Owner: postgres
--

ALTER TABLE ONLY public.rooms
    ADD CONSTRAINT rooms_pkey PRIMARY KEY (id);


--
-- Name: client ff_client; Type: FK CONSTRAINT; Schema: public; Owner: postgres
--

ALTER TABLE ONLY public.client
    ADD CONSTRAINT ff_client FOREIGN KEY (cityid) REFERENCES public.city(id);


--
-- Name: booking ff_client; Type: FK CONSTRAINT; Schema: public; Owner: postgres
--

ALTER TABLE ONLY public.booking
    ADD CONSTRAINT ff_client FOREIGN KEY (clientid) REFERENCES public.client(id);


--
-- Name: client ff_rating; Type: FK CONSTRAINT; Schema: public; Owner: postgres
--

ALTER TABLE ONLY public.client
    ADD CONSTRAINT ff_rating FOREIGN KEY (ratingid) REFERENCES public.rating(id);


--
-- Name: rooms ff_roms_booking; Type: FK CONSTRAINT; Schema: public; Owner: postgres
--

ALTER TABLE ONLY public.rooms
    ADD CONSTRAINT ff_roms_booking FOREIGN KEY (bookingid) REFERENCES public.booking(id);


--
-- Name: rooms ff_rooms_city; Type: FK CONSTRAINT; Schema: public; Owner: postgres
--

ALTER TABLE ONLY public.rooms
    ADD CONSTRAINT ff_rooms_city FOREIGN KEY (cityid) REFERENCES public.city(id);


--
-- Name: rooms ff_rooms_client; Type: FK CONSTRAINT; Schema: public; Owner: postgres
--

ALTER TABLE ONLY public.rooms
    ADD CONSTRAINT ff_rooms_client FOREIGN KEY (clientid) REFERENCES public.client(id);


--
-- Name: city firstkey; Type: FK CONSTRAINT; Schema: public; Owner: postgres
--

ALTER TABLE ONLY public.city
    ADD CONSTRAINT firstkey FOREIGN KEY (countryid) REFERENCES public.country(id);


--
-- PostgreSQL database dump complete
--

